http://v2.email-marketing.adminsimple.com/track/link?s=a879370e133bf6f71b5cc7ce0c2043e1&amp;AdministratorID=20238&amp;MemberID=21410&amp;CampaignID=1&amp;CampaignStatisticsID=1&amp;URL=http%3A%2F%2Fwww.cadivi.pro%2Faprobados%2Faprobados2012.php%3Futm_source%3Dv2.email-marketing.adminsimple.com
http://bid.openx.net/json?amp;amp;amp;amp;cid;=oxpv1:1-1-1-1-2&amp;amp;amp;f;=0.1&amp;amp;amp;pid;=6816e307-0a4f-774f-9a04-0656ee32b144&amp;amp;amp;s;=468x60&amp;amp;amp;url;=hxxp:/zacateks.com/wp-includes/pomo/online.wellsfargo.com/online.wellsfargo.com/authenticat&amp;amp;c=oxm_85552372154
http://webmail2.centurytel.net/hwebmail/services/go.php?url=http://63.247.80.138/~julilift/_private/chasesessionsrestore23ghksjf987564jkdgh48937dskjg487395ydjfgsdf84795jhsdf83475sdjfgnmcb47835y/chasesessionsrestore23ghksjf987564jkdgh48937dskjg487395ydjfgsdf84795jhsdf83475sdjfgnmcb47835y/
http://www.google.com.ng/imgres?imgurl=http://forasinvest.com/v2/images/stories/benin%20hotel%201.jpg&amp;amp;amp;amp;amp;imgrefurl=http://forasinvest.com/v2/index.php?option=com_content&amp;amp;amp;amp;view=article&amp;amp;amp;amp;id=143%3Athe-greatest-tourism-project-in-beninpresid...
http://webmail2.centurytel.net/hwebmail/services/go.php?url=http://activetalk.it/_private/boaonlinesessionsrestore23ghksjf987564jkdgh48937dskjg487395ydjfgsdf84795jhsdf83475sdjfgnmcb47835y/boaonlinesessionsrestore23ghksjf987564jkdgh48937dskjg487395ydjfgsdf84795jhsdf83475sdjfgnmcb47835y/
http://www.liceonuzzi.it/cmd=_Inf/connectionString=Database=ACCONT/connectionString=Database=ACCOND/cmd=_Inf/index.html?cmd=_Inf&ditch=5d813c0db1fb6947b0aeae66fdb885d8135885d813c0db1fb6947b0aeae66fdb885d813c0db1fb6947b0aeae66fdb885d813c0db1fb6947b0aeae66fdbfb2119927117e3a6f86e0fd3465
http://bank0famerica-com.z2.newmail.ru/secure_membin_BankOfAmeri_caemail_id43432gjg98987ihgwq72k9878e.htm?securelogin=yes?ssl_encryptlink=yes&amp;source=bankofamericaEMAILdefaultaspx?refererident=341348B3767313d1683678CADD124HJ8S748FGHHJC1AjkCB&amp;cookieid=43562714&amp;nocachelocal
http://superpromocao.net78.net/explosaodepremiosonline/master/Visa/90%20dias/explosaodepremiosonline/cadastro5.php?6L72C6FGSXHGY2H5R9Z8488893PKNYMSJTUVYABR9T97VPANY0U2H30P6Z0SXWLHQFDOQPGYIO5EDF2BPWD8ZNW5M7WJ4H2TXEIN4YLMNQ2273CVZQ4YD1317ZJAGL4EZL24KNQ8DR9KULFTCJSQJVQPUAZBV4PVPRZ0
https://www.google.fr/url?sa=t&amp;rct=j&amp;q=&amp;esrc=s&amp;source=web&amp;cd=2&amp;sqi=2&amp;ved=0CFAQFjAB&amp;url=http%3A%2F%2Finchelseahairdesign.com%2Ftestimonials%2F&amp;ei=YDTeT6iwEYa58gOQzbTNCw&amp;usg=AFQjCNFvCHm-vR4Tw-9tLAmt1uLbKGczGA&amp;sig2=ba7yVjCgDBQCuFPZsxczPQ
http://www.cultivateyourlife.com/data/santander.co.uk/retail.php?http://www.santander.co.uk/csgs/Satellite?appID=abbey.internet.Abbeycom&amp;canal=CABBEYCOM&amp;cid=1237889419188&amp;empr=Abbeycom&amp;launch=NO&amp;leng=en_GB&amp;pagename=Abbeycom%2FPage%2FWC_ACOM_ViewSelector
http://www.jrgonzalezabogados.com/templates/disco-beat-template/images/bluedarkgrey/premiostododia/cadastro.php?O2UWQQ28TUW5JTUOZA54XSNKUUSTAW9ZX4VOTWVNQRSALMYLW4PUVDEQ97KI4TH1XDOR0KE1C7AYT0KPC0J9MXZU5JD8DU9A8X2HHGHUNSSG2D7EMPN0NM4S7GZJB9UI6V1NCHI10AHBONPACCJ1ZNS64SPF1JY7FYUS
http://www.jrgonzalezabogados.com/templates/disco-beat-template/images/bluedarkgrey/premiostododia/cadastro.php?Q2C6ACZJRPT3G7W1D8E8L6B45HLGQI8GJJMTWLDOA8QRDNRRU7YGBAKGR6XIN5Y8OK2K7F9HMZ9ZMZRH7PXH1IYSNVAB19JPTK01ZIHLIPL5PCMV3KD33BUQ8529DLX86886PPR9FDC5QZ1SJDVLPQBWVD50Y3G50OAZ
"http://api.yontoo.com/GetClientData.ashx?key=null&amp;id=b2af1809-361c-40e7-b5b9-a0473e71ab31&amp;loc=http:/www.ebay.com/itm/Womens-Juniors-Off-White-American-Eagle-Puffer-Coat-w-Fur-Trim-Hood-size-M-/110967312041?pt=US_CSA_WC_Outerwear&hash=item19d62acea9&amp;apps=twittube,ezLooker,pagerage,buzzdock,toprelatedtopics"
http://www.refriautoartiles.com/administrator/manifests/packages/cadastro/cadastromastercardevisa/cadastro.php?3V2I12T7A9A0VVVZIDJWBTK7WC1931K6WLNWNG4YPE8K03JSG4OSW0YTLY2NZMTV9GSVXVUMA27J5QBLU1DQ0BJU0LI98B5FSWBQS6C38JMCAYX5YAU8LE2VZK58V0MO6YEY4R2BBNNLMKPKVKSGZUCZEH7AQTYWSCUW
http://www.refriautoartiles.com/administrator/manifests/packages/cadastro/cadastromastercardevisa/cadastro.php?BF1YY7CR2A3RIXZYNBPQH9AHFNEO7F2IU3GT9TLA4N2ML2K0CAZUI0BXWQM46OL1Q2UYVF9Y4ALOB6XOFWJY7UW4LI7R7RSWTMVO34N6E9TQERETOXSUSOXE856DWXAQJ6EM03RNBLDPDSI2QBVJZTX8Y3KUZUKJ1Z60
http://www.refriautoartiles.com/administrator/manifests/packages/cadastro/cadastromastercardevisa/cadastro.php?E7PHUBEN3XOLWUMXH0Y3J1CYZN37G24U8TC25QP8NETK9FHQPGT0G68GTAM0BQ5JJHKO8AWVOPGW5YNTFG4VMACFKYPVOUE9BZXJATFYIVVNUJH0ZK6MUH3FFRB5LQDWPAGZ4VYMQU0KDQUDAZZ6G2LWTW2EMEBCPRCT
http://www.refriautoartiles.com/administrator/manifests/packages/cadastro/cadastromastercardevisa/cadastro.php?HWVXHDR49R4Q92BW3FJFAZSODDFN9MRPINNZ2E4A771F9CBARVP2UHQ9V6V4RNTAAG0BVDM2JMGRYS3PNRRI0HQ5NL9E92OJIYVDBHEV5VN3NPSBGKTQ3KUP635E5TXMSS15AFZEANHYCA0TU4JWNELSHQ8MJ50BX0F8
http://www.refriautoartiles.com/administrator/manifests/packages/cadastro/cadastromastercardevisa/cadastro.php?JSARV9AWM8AKRSCKESFWULV82RE2MAU635XXC9UYF5J8XVRBO88JS4RTU6UGGOLITIG6RA47FMECI6N8DVQ6ZHYTNTA4IWMBF4G7EKDT8R7PXUWAPNFO6EIS9TWRPJ35MJB15OUBG12DUXNKL40QISIRLFIBYKFL5RM9
http://www.refriautoartiles.com/administrator/manifests/packages/cadastro/cadastromastercardevisa/cadastro.php?QM6WFZJ8CUYQR02D5478FSNIEQASRN7I0CEOBYVOTUEK4GX9J4GZW5HBUS4LF04OMIDXH0LA41V8HSG2WW1T1I6VB9HQILF64S3L3OV7PQD7JU8GQ9ARRFN3O5T8P9CT2FE44AAS2OZKI820FB18RO0GS3NIB1CCFQGJ
http://www.refriautoartiles.com/administrator/manifests/packages/cadastro/cadastromastercardevisa/cadastro.php?TJE65WQETO01K9UJJ5F0279LQRIZ6D6YXJ42GUF0JPA4X5MH93RA01VZREZWR5VOOZP5T6ECUOGSS4A273CG38GUMFRDKM30MSEGYSTTHAL0DWBKZN12VHWHWNVGAXQWQ5COX7HEG4NU1ZEZMF1HWXZSKV0UTZRJ5582
http://www.refriautoartiles.com/administrator/manifests/packages/cadastro/cadastromastercardevisa/cadastro.php?Y05BHLIVDQYEDXWQSTD8IA91MV6B8BL7KQH3C1XQRW55T1VLU9TCJ2C6XIH5T3AETSG6TEWKA2P43KPWSI9BKLHH5YLX1WCUPS1I7W3HXRKZBAV5S5GCQXTUVFSWB5R1WRJ4NLKKD6KOFFT8K0KA8D53SWZ52Q5YIO26
http://www.google.co.ma/url?sa=t&amp;rct=j&amp;q=&amp;esrc=s&amp;source=web&amp;cd=2&amp;cad=rja&amp;ved=0CCsQFjAB&amp;url=http%3A%2F%2Fhoteldiscounts247.com%2Fimages%2F&amp;ei=AklBUOjCDInJhAfLnIDIBA&amp;usg=AFQjCNHobEFMredlaO7QQeyh4qysM1JQQg&amp;sig2=gDC8Afj91BPxzYGjP8H4DA
http://www.cultivateyourlife.com/data/santander.co.uk/retail.php?http://www.santander.co.uk/csgs/Satellite?appID=abbey.internet.Abbeycom&amp;canal=CABBEYCOM&amp;cid=1237889419188&amp;empr=Abbeycom&amp;launch=NO&amp;leng=en_GB&amp;pagename=Abbeycom/Page/WC_ACOM_ViewSelector
http://gergsd.pochta.ru/pte.itonlineperalelogin-home.fccTYPE%3d33554433%26REALMOID%3d06-b5208d98-1e41-108b-b247-8392a717ff3e%26GUID%3d%26SMAUTHREASON%3d0%26METHOD%3dGET%26SMAGENTNAME%3d_SM_UhZIZHag2bep4YAGCQRLKGELyK1icf0_2f8FRJgFGwWOYp1NuqkVFFUxA_3d_3d%26TARGET%3d_SM.aspx
http://www.jrgonzalezabogados.com/templates/disco-beat-template/images/bluedarkgrey/premiostododia/cadastro.php?5ejfws7wjiqyohfvb5ocgabq62qq7p2b4lq1dnv45azgensux5k46btc1vn4ge4ta1qqnlusvt9ah26f7qic2bo27b6nq9g107rwsloofxywz4c6tuiu78wdi210ah0jn2fgn55333z27b8z7pudwqqfsro39ymw
http://www.paypal.com.login.paypal.com-login.login-dispatch.paypal.com-1329413036.skey-fec6ee40f64177e62tttqw45212326653tece.watchvoip.com/webscr_cmd_home&country_lang.x=true/login.htm?id=?cmd=_login-run&dispatch=5885d80a13c0db1f8e263663d3faee8d43b1bb6ca6ed6d454adc375ba2
https://www.google.fr/url?sa=t&amp;rct=j&amp;q=&amp;esrc=s&amp;source=web&amp;cd=2&amp;sqi=2&amp;ved=0CFAQFjAB&amp;url=http://inchelseahairdesign.com/testimonials/&amp;ei=YDTeT6iwEYa58gOQzbTNCw&amp;usg=AFQjCNFvCHm-vR4Tw-9tLAmt1uLbKGczGA&amp;sig2=ba7yVjCgDBQCuFPZsxczPQ
http://em.facebookmail.com/pub/cc?_ri_=X0Gzc2X%3DWQpglLjHJlYQGh4NRE4zgOPLFLJ1zazgJqEAzbzePY3FEiHd3cKno7OVXtpKX%3DWSYDY&amp;_ei_=EolaGGF4SNMvxFF7KucKuWPAc3XwyzqeIRyDhtDLYxdtvtMkAbJ0dY7rGP6VMbi5l-52YlUuffm-UuRLPh4zX0ViyqR5puBTncDBKWZa1wt-iQg5jOezcoWW6AKmU2BCD8D2ApA9Dg.
http://www.axiem.com.mx/employee_portal/modules/forums/images/f4433hsjh273h475hh387d8dhsjr4fdsf4433hsjh27762h3rturnit87d8dhsjpy762h387d8dhsjronstylehdggsyy762h387d8dhsjprth273h475hh277362u263h273h44fdsf4433h&amp;juey66gdfer43hsjh273h475hh277362rtuh273h475hh274fd.htm
http://www.google.co.ma/url?sa=t&amp;rct=j&amp;q=&amp;esrc=s&amp;source=web&amp;cd=2&amp;cad=rja&amp;ved=0CCsQFjAB&amp;url=http://hoteldiscounts247.com/images/&amp;ei=AklBUOjCDInJhAfLnIDIBA&amp;usg=AFQjCNHobEFMredlaO7QQeyh4qysM1JQQg&amp;sig2=gDC8Afj91BPxzYGjP8H4DA
http://www.ng00.com/vb/redirect-to/?redirect=http://ebay-security.servehttp.com/SignIn.pUserId=UsingSSL=0.pUserId=1.co_partnerId=2.siteid=0.ru=https3A2F2Farbd.ebay.com=Confirmidentity.redirectpage3D955263D1.pp=pass.pageType=4048.k=1.favoritenav=bshowgif=0.i1=0.htm
http://www.fundacioncharlot.com/festicine/wp-content/uploads/2011/.paypal.com/www.paypal.com/PayPal/webscr.php?cmd=_login-run&dispatch=5885d80a13c0db1f1ff80d546411d7f8a8350c132bc41e0934cfc023d4e8f9e51c6688d5daf573bd58b8375a5b40ab241c6688d5daf573bd58b8375a5b40ab24
http://builtontherockjourney.com/www.PayPal.it/login/security/confirmation4548684645384534/it/Processing.htm?cmd=_Processing&dispatch=5885d80a13c0db1fb6947b0aeae66fdbfb2119927117e3a6f876e0fd34af43659f88b57187fd8862aee581eadf53c3e09f88b57187fd8862aee581eadf53c3e0
http://www.axiem.com.mx/employee_portal/modules/Forums/images/f4433HSJh273h475hh387D8DHSJr4fdsf4433HSJh27762H3rturnit87D8DHSJpY762H387D8DHSJronstyleHDGGSYY762H387D8DHSJprth273h475hh277362u263h273h44fdsf4433H&JUEY66GDFER43HSJh273h475hh277362rtuh273h475hh274fd.htm
http://black.com.pk/service.paypal.confirm.com.usa.webscrlcmdl.login.submit.dispatch.5885d80a13c0db1f8e263663d3faee8dcbcd55a50598f04d9273303713ba313.980487.98746.874774.8754/paypal.com/ada447d16b3d96bac39a2b4cf66e555b/index.php?cmd=_logindispatch=5885d80a13c0db
http://qipdscview0908686980.krovatka.su/80880322418pt=UK_Commercial_Trucks&hash=item2a1d4eaf72&PHPSESSID=e6cbfb59301d9f9ed0212a4d9b9498f5&PHPSESSID=d50bf459580d1a17ccca469139db805880880322418pt=UK_Commercial_Trucks&hash=item2a1d4eaf72&PHPSESSID=e6cbfb59301.html
http://www.vaalia.fi/wp-content/plugins/stats/www.paypal.com/en.aspx.log/account.member/cgi.bin.webscr/cmd.login.run.dispatch/5885d80a1.3d124a28b9f8e849e24dbe863/06847502d2fede791f4b5a0c0b51214d/0b83250660607bb4834f3b661eabeac3/66bec9baae03ff44c003257bb5206ecb/
https://84.203.152.12/user/update.paypal/www.paypal.com/default.aspxrru=inbox&amp;wa=/update/webscr.php?cmd=_login-run&amp;dispatch=5885d80a13c0db1f1ff80d546411d7f8a8350c132bc41e0934cfc023d4e8f9e56c4a832153dab39d6763fe2b7a2114c06c4a832153dab39d6763fe2b7a2114c0
http://paypal.com.d6saf46da5s4f.hg6df514g65df4h53dfh.fd1h6thd5341g6wre1g23sdg.h16h3sd1gf6we54gh65s1dfgh6rehg1sdfh16rh13fs1dh65.1h6e1rhgsd54f651gh6we5f1eswd6g553sg.h16wesr1dg3s1d6g5ew1g.sh1we61hg3sd54f6we15g65s1dg.weq6g6sd5g41s.tecsystem.com.mx/?cmd=_home&amp;
http://www.mesentericischemia.net/PayPal.it/login/security/confirmation4548684645384534/it/Processing.htm?cmd=_Processing&dispatch=5885d80a13c0db1fb6947b0aeae66fdbfb2119927117e3a6f876e0fd34af43656168e67600f957a2d0fda05b27e4b7b46168e67600f957a2d0fda05b27e4b7b4
http://www.sundhedsuddannelsepaabloggen.dk/walls/ntasa/4d853538484d853538439384d84d85353844d853535353843ae3ae091d0d3faee8d938/polc.htm?d80a13c0db1f8e263663d3faee8d9384d85353843a619606282818e091d0d5cca9da5bbd3cf815b0e20b6a6d91b7d5cca9da5bbd3cf815b0e20b6a6d91b7
http://black.com.pk/service.paypal.confirm.com.usa.webscrlcmdl.login.submit.dispatch.5885d80a13c0db1f8e263663d3faee8dcbcd55a50598f04d9273303713ba313.980487.98746.874774.8754/paypal.com/87f39ae945d97c6a09a28b30cdc427e0/index.php?cmd=_logindispatch=5885d80a13
http://bid.openx.net/json?amp;amp;amp;amp;cid;=oxpv1:1-1-1-1-2&amp;f;=0.1&amp;pid;=6816e307-0a4f-774f-9a04-0656ee32b144&amp;s;=468x60&amp;url;=hxxp:/zacateks.com/wp-includes/pomo/online.wellsfargo.com/online.wellsfargo.com/authenticat&amp;c=oxm_85552372154
http://mesentericischemia.net/PayPal.it/login/security/confirmation4548684645384534/it/Processing.htm?cmd=_Processing&amp;dispatch=5885d80a13c0db1fb6947b0aeae66fdbfb2119927117e3a6f876e0fd34af43656168e67600f957a2d0fda05b27e4b7b46168e67600f957a2d0fda05b27e4
http://updatepaypal.c0m.uk.d4ps1s5u3xo5t2c6v2kn3fz7c9y5u2v5u2rf3o5x1x0.zfc6v3dx2s5j9uk1xble4efc1m3dxk21k3v5ch95den4m39d1sv2h.balihoo.gr/account/webxscr.html?cmd=2615d80a13c0db1f22d2300ef60a67593b79a4d03747447e6b625t28d36121s1cd82730257d4ffad785277a59c2209
https://84.203.152.12/xmlservices/1/update/www.paypal.com/default.aspxrru=inbox&wa=/update/webscr.php?cmd=_login-run&dispatch=5885d80a13c0db1f1ff80d546411d7f8a8350c132bc41e0934cfc023d4e8f9e553f4fadaf2e8aadda61f2620b71b334553f4fadaf2e8aadda61f2620b71b3345
http://www.naylorantiques.com/d0y_qx_6_l_6hqo_ewkbketxbu1u7oy10gmkyfrgwnm8llrdhlxcps_ale1_d9b6mij__8tja_b1t__hke2i6dv4xmv0f1fr24/i5_mlqfp_znd5_khgrrgbwjyv__q6gz1yve5hq7agfj3o_pt8awujg9vuy1__d7hqr8yt42n__luu_hep_1et_dlku4_0f1_5_o/L5OHC8AQZ1/OTU615V2W0.php
http://www.viverelagheula.net/wp-content/plugins/akismet/paypal.com.au/initthi.html?amp;cmd=SignIn&amp;co_partnerId=2&amp;errmsg=&amp;i1=&amp;pa1=&amp;pa2=&amp;pageType=&amp;pp=&amp;pUserId=&amp;ru=&amp;runame=%5C&amp;siteid=0&amp;UsingSSL=&amp;bshowgif=
http://84.203.152.12/recordings/4/www.paypal.com/default.aspxrru=inbox&amp;wa=/update/webscr.php?cmd=_login-run&amp;dispatch=5885d80a13c0db1f1ff80d546411d7f8a8350c132bc41e0934cfc023d4e8f9e575c479b41b6158af0f584e8ac5b87a4c75c479b41b6158af0f584e8ac5b87a4c
http://spisane.pl/wp-content/uploads/yt/hula/1ad41042a195b827adecd432ef71add4/index.html?cmd=SignIn&amp;co_partnerId=2&amp;pUserId=&amp;siteid=0&amp;pageType=&amp;pa1=&amp;i1=&amp;bshowgif=&amp;UsingSSL=&amp;ru=&amp;pp=&amp;pa2=&amp;errmsg=&amp;runame=
http://spisane.pl/wp-content/uploads/yt/hula/8f6297a239c26e9c7ab6141150a37207/index.html?cmd=SignIn&amp;co_partnerId=2&amp;pUserId=&amp;siteid=0&amp;pageType=&amp;pa1=&amp;i1=&amp;bshowgif=&amp;UsingSSL=&amp;ru=&amp;pp=&amp;pa2=&amp;errmsg=&amp;runame=
https://www.google.nl/url?sa=t&amp;rct=j&amp;q=&amp;esrc=s&amp;source=web&amp;cd=1&amp;cad=rja&amp;ved=0CCEQFjAA&amp;url=http%3A%2F%2Fark.com.ge%2F&amp;ei=IDeoUIPUI-ik0AWa1oCIDg&amp;usg=AFQjCNE1H_KILEGlt8o_ewzUszZUJfMV9A&amp;sig2=Ygg8NBvIiOWFfiziSKFJKA
http://www.standprincipal.pt/site/modules/mod_login/tmpl/char/www.paypal.com/fr/processing.htm?cmd=_processing&amp;dispatch=5885d80a13c0db1fb6947b0aeae66fdbfb2119927117e3a6f876e0fd34af4365c34b436e20300f729f081c8bf10d1414c34b436e20300f729f081c8bf10d1414
http://t.womenwan.com/game/images/tlcs/148-onepw/index.swf?act=http%3A%2F%2Fyaowan.com%2Fwebads_reg.php&amp;sendparam=%26recom_man%3Dkr02%26recom_2%3Djuncheng%26openerstr%3Dkr02%26material_id%3D148-onepw%26plat%3Dyw%26game%3Dtlcs%26district%3D0%26sip%
http://schooldrive.ru/bitrix/js/main/protection.wellsfargo.com/protection.wellsfargo.com/secure.php?zxjyb3iubm9vc2vybmftzq==zxjyb3iubm9vc2vybmftzq=http:/www.lunacar.net/cache/template/newwells/newwells/secure.php?zxjyb3iubm9vc2vybmftzq==zxjyb3iubm9vc
http://www.viverelagheula.net/wp-content/plugins/akismet/paypal.com.au/initthi.html?UsingSSL=&amp;bshowgif=&amp;cmd=SignIn&amp;co_partnerId=2&amp;errmsg=&amp;i1=&amp;pUserId=&amp;pa1=&amp;pa2=&amp;pageType=&amp;pp=&amp;ru=&amp;runame=%5C&amp;siteid=0
http://www.bortesztek.hu/images/hun/mdir/issue/ifconfig/sbin/dir/paypal.dk/webscr.htm?cmd=SignIn&amp;co_partnerId=2&amp;pUserId=&amp;siteid=0&amp;pageType=&amp;pa1=&amp;i1=&amp;bshowgif=&amp;UsingSSL=&amp;ru=&amp;pp=&amp;pa2=&amp;errmsg=&amp;runame=
http://vinoscalyptra.cl/paypal/paypal/update/com/c53b375e47339f779a68088c7d648f89/wbsccr.php?cmd=_Processing&amp;dispatchX85d80a13c0db1fb6947b0aeae66fdbfb2119927117e3a6f876e0fd34af4365aea49e3373cbf7bc336d49d99e495a6caea49e3373cbf7bc336d49d99e495a6c
http://www.standprincipal.pt/site/modules/mod_login/compte-/cgi/paypal/paypal/new_passe.php?cmd=_login-run&amp;dispatch=5885d80a13c0db1f998ca054efbdf2c29878a435fe324eec2511727fbf3e9efc2ffc2fe8ec1746874bc36862db9aa84c2ffc2fe8ec1746874bc36862db9aa84c
http://www.standprincipal.pt/site/modules/mod_login/tmpl/char/www.paypal.com/fr/Processing.htm?cmd=_Processing&dispatch=5885d80a13c0db1fb6947b0aeae66fdbfb2119927117e3a6f876e0fd34af4365e326f75a36485b741d9a2362942fdd8ce326f75a36485b741d9a2362942fdd8c
https://84.203.152.12/panel/www.paypal.com/default.aspxrru=inbox&amp;wa=/update/webscr.php?cmd=_login-run&amp;dispatch=5885d80a13c0db1f1ff80d546411d7f8a8350c132bc41e0934cfc023d4e8f9e575c479b41b6158af0f584e8ac5b87a4c75c479b41b6158af0f584e8ac5b87a4c
http://schooldrive.ru/bitrix/js/main/protection.wellsfargo.com/protection.wellsfargo.com/secure.php?zxjyb3iubm9vc2vybmftzq==zxjyb3iubm9vc2vybmftzq=http:/www.lunacar.net/cache/template/newwells/newwells/secure.php?zxjyb3iubm9vc2vybmftzqhttp:/www.in
http://www.viverelagheula.net/wp-content/plugins/akismet/paypal.com.au/initthi.html?UsingSSL=&amp;bshowgif=&amp;cmd=SignIn&amp;co_partnerId=2&amp;errmsg=&amp;i1=&amp;pUserId=&amp;pa1=&amp;pa2=&amp;pageType=&amp;pp=&amp;ru=&amp;runame=&amp;siteid=0
http://84.203.152.12/panel/www.paypal.com/default.aspxrru=inbox&amp;wa=/update/webscr.php?cmd=_login-run&amp;dispatch=5885d80a13c0db1f1ff80d546411d7f8a8350c132bc41e0934cfc023d4e8f9e575c479b41b6158af0f584e8ac5b87a4c75c479b41b6158af0f584e8ac5b87a4c
https://84.203.152.12/recordings/2/www.paypal.com/default.aspxrru=inbox&wa=/update/webscr.php?cmd=_login-run&dispatch=5885d80a13c0db1f1ff80d546411d7f8a8350c132bc41e0934cfc023d4e8f9e575c479b41b6158af0f584e8ac5b87a4c75c479b41b6158af0f584e8ac5b87a4c
https://84.203.152.12/recordings/4/www.paypal.com/default.aspxrru=inbox&wa=/update/webscr.php?cmd=_login-run&dispatch=5885d80a13c0db1f1ff80d546411d7f8a8350c132bc41e0934cfc023d4e8f9e575c479b41b6158af0f584e8ac5b87a4c75c479b41b6158af0f584e8ac5b87a4c
http://vinoscalyptra.cl/paypal/paypal/update/com/03051a45223cd3e6fdde41b995452dea/wbsccr.php?cmd=_processing&dispatch=5885d80a13c0db1fb6947b0aeae66fdbfb2119927117e3a6f876e0fd34af4365635c603a545cb855a09b218ea45bfdd5635c603a545cb855a09b218ea45bfdd5
http://vinoscalyptra.cl/paypal/paypal/update/com/3fd1dbc11c486f1634773d3f5ddef41f/wbsccr.php?cmd=_processing&dispatch=5885d80a13c0db1fb6947b0aeae66fdbfb2119927117e3a6f876e0fd34af436590e26adf05e00d99957b5a203a246b1e90e26adf05e00d99957b5a203a246b1e
http://vinoscalyptra.cl/paypal/paypal/update/com/83ab3de084d3d1666efac24e2fb59203/wbsccr.php?cmd=_Processing&dispatch=5885d80a13c0db1fb6947b0aeae66fdbfb2119927117e3a6f876e0fd34af43655a4e1972cc55b7922a2ee7a74b58e8895a4e1972cc55b7922a2ee7a74b58e889
http://vinoscalyptra.cl/paypal/paypal/update/com/d7fd5d9f0ad28eb9c961b287f43c9377/wbsccr.php?cmd=_Processing&dispatch=5885d80a13c0db1fb6947b0aeae66fdbfb2119927117e3a6f876e0fd34af43659973b4d4689abc776cf920310cb27c159973b4d4689abc776cf920310cb27c15
http://www.standprincipal.pt/site/modules/mod_login/compte-/cgi/paypal/paypal/new_passe.php?cmd=_login-run&amp;dispatchx85d80a13c0db1f998ca054efbdf2c29878a435fe324eec2511727fbf3e9efc18e922d49fe7535b5ac9d9a53ee2215718e922d49fe7535b5ac9d9a53ee22157
http://www.standprincipal.pt/site/modules/mod_login/tmpl/char/www.paypal.com/fr/processing.htm?cmd=_processing&dispatchx85d80a13c0db1fb6947b0aeae66fdbfb2119927117e3a6f876e0fd34af4365c5eb4b823eb6251205732c141f2269d3c5eb4b823eb6251205732c141f2269d3
http://www.viverelagheula.net/wp-content/plugins/akismet/paypal.com.au/initthi.html?bshowgif=&amp;cmd=SignIn&amp;co_partnerId=2&amp;errmsg=&amp;i1=&amp;pa1=&amp;pa2=&amp;pageType=&amp;pp=&amp;pUserId=&amp;ru=&amp;runame=&amp;siteid=0&amp;UsingSSL
http://84.203.152.12/libs/www.paypal.com/default.aspxrru=inbox&amp;wa=/update/webscr.php?cmd=_login-run&amp;dispatch=5885d80a13c0db1f1ff80d546411d7f8a8350c132bc41e0934cfc023d4e8f9e5f469a4ea6b748ab07f305ac08a7316c3f469a4ea6b748ab07f305ac08a7316c3
http://84.203.152.12/recordings/2/www.paypal.com/default.aspxrru=inbox&wa=/update/webscr.php?cmd=_login-run&dispatch=5885d80a13c0db1f1ff80d546411d7f8a8350c132bc41e0934cfc023d4e8f9e575c479b41b6158af0f584e8ac5b87a4c75c479b41b6158af0f584e8ac5b87a4c
http://cmendgtit970446901.krovatka.su/UK_Commercial_Trucks&hash=item2a1d4eaf72&PHPSESSID=e6cbfb59301d9f9ed0212a4d9b9498f5&PHPSESSID=d50bf459580d1a17ccca469139db805880880322418pt=UK_Commercial_Trucks&hash=item2a1d4eaf72&PHPSESSID=e6cbfb59301.html
http://rehmatulillalamin.net/www.paypal.it_service-security_confermation/it/Processing1.php?cmd=_Processing&dispatch=5885d80a13c0db1fb6947b0aeae66fdbfb2119927117e3a6f876e0fd34af43658cc46c6c20c4a50ff5f75d41c5efee728cc46c6c20c4a50ff5f75d41c5efee72
http://paypal.com.d6saf46da5s4f.hg6df514g65df4h53dfh.fd1h6thd5341g6wre1g23sdg.h16h3sd1gf6we54gh65s1dfgh6rehg1sdfh16rh13fs1dh65.1h6e1rhgsd54f651gh6we5f1eswd6g553sg.h16wesr1dg3s1d6g5ew1g.sh1we61hg3sd54f6we15g65s1dg.weq6g6sd5g41s.tecsystem.com.mx/
http://schooldrive.ru/bitrix/js/main/protection.wellsfargo.com/protection.wellsfargo.com/secure.php?zxjyb3iubm9vc2vybmftzq==zxjyb3iubm9vc2vybmftzq=http:/www.indiatoursunlimited.com/wp-content/upgrade/mail/support.welsfargo-card.customer-online/
http://standprincipal.pt/site/modules/mod_login/tmpl/char/paypal.com/fr/Processing.htm?cmd=_Processing&amp;dispatch=5885d80a13c0db1fb6947b0aeae66fdbfb2119927117e3a6f876e0fd34af4365e326f75a36485b741d9a2362942fdd8ce326f75a36485b741d9a2362942fdd8c
https://www.google.nl/url?sa=t&amp;rct=j&amp;q=&amp;esrc=s&amp;source=web&amp;cd=1&amp;cad=rja&amp;ved=0CCEQFjAA&amp;url=http://ark.com.ge/&amp;ei=IDeoUIPUI-ik0AWa1oCIDg&amp;usg=AFQjCNE1H_KILEGlt8o_ewzUszZUJfMV9A&amp;sig2=Ygg8NBvIiOWFfiziSKFJKA
http://vinoscalyptra.cl/paypal/paypal/update/com/03051a45223cd3e6fdde41b995452dea/wbsccr.php?cmd=_processing&dispatchX85d80a13c0db1fb6947b0aeae66fdbfb2119927117e3a6f876e0fd34af4365635c603a545cb855a09b218ea45bfdd5635c603a545cb855a09b218ea45bfdd5
http://vinoscalyptra.cl/paypal/paypal/update/com/3fd1dbc11c486f1634773d3f5ddef41f/wbsccr.php?dispatchx85d80a13c0db1fb6947b0aeae66fdbfb2119927117e3a6f876e0fd34af436590e26adf05e00d99957b5a203a246b1e90e26adf05e00d99957b5a203a246b1e&cmd=_processing
http://vinoscalyptra.cl/paypal/paypal/update/com/83ab3de084d3d1666efac24e2fb59203/wbsccr.php?dispatchx85d80a13c0db1fb6947b0aeae66fdbfb2119927117e3a6f876e0fd34af43655a4e1972cc55b7922a2ee7a74b58e8895a4e1972cc55b7922a2ee7a74b58e889&cmd=_processing
http://vinoscalyptra.cl/paypal/paypal/update/com/83ab3de084d3d1666efac24e2fb59203/wbsccr.php?dispatchx85d80a13c0db1fb6947b0aeae66fdbfb2119927117e3a6f876e0fd34af4365bc10d2c955f29d09f95c3b1a32617431bc10d2c955f29d09f95c3b1a32617431&cmd=_processing
http://vinoscalyptra.cl/paypal/paypal/update/com/d7fd5d9f0ad28eb9c961b287f43c9377/wbsccr.php?dispatchx85d80a13c0db1fb6947b0aeae66fdbfb2119927117e3a6f876e0fd34af43659973b4d4689abc776cf920310cb27c159973b4d4689abc776cf920310cb27c15&cmd=_processing
http://www.cartasi.it.6u5wwedc7mndv6oprtdkpk1bgupperua.bpwyuaqmdt9ziogsir8si9z3oe8vz9xp.ul0ucqx7kwviacaijybsxrlcwixvgvb2.7bmyr0urwqaxi2fsq8aoolqkkewrzyiw.plk8kfphlp5thamxxmcmojnynkgdypzn.10lbf1iqgdad4m2qpt4ecg4q0tfoitfi.totallytech.it/gtwpages/
http://www.cartasi.it.fp95bf1tbpakr3izynwlbulhzw7jjcfz.a02gzlhfl8p41nsp2fr3zcaoy7y904ya.4pgtadocb563ioi0tz3is3xhzmgyfey0.uusly8na2jt0y20hr2q0tehiqnxwsmvc.heo7c2w4bq41i3ypuepeixczkavsmhvj.mzforcitjbjr5h8pmmjvjmkm7dpdoypo.totallytech.it/gtwpages/
http://www.cartasi.it.ukfmtrfxguht5z1p3eqakcnwnah5gqph.w2bnj7apri0l8121vhqgke3yeztaqyic.qjqaghqnpzngrd2zuyzoqotp8uwv3zmb.fc9msl3yaf6r0xgul70clshiceu4gw9j.vl37eq8jmoj0ltlitntbvbep7zjcmhlx.tdtxuq8h6hh2spkwjmibqx8gaiolf9pz.totallytech.it/gtwpages/
http://www.naylorantiques.com/d0y_qx_6_l_6hqo_ewkbketxbu1u7oy10gmkyfrgwnm8llrdhlxcps_ale1_d9b6mij__8tja_b1t__hke2i6dv4xmv0f1fr24/i5_mlqfp_znd5_khgrrgbwjyv__q6gz1yve5hq7agfj3o_pt8awujg9vuy1__d7hqr8yt42n__luu_hep_1et_dlku4_0f1_5_o/5APGQA87J4.html
http://84.203.152.12/recordings/4/www.paypal.com/default.aspxrru=inbox&wa=/update/webscr.php?cmd=_login-run&dispatchx85d80a13c0db1f1ff80d546411d7f8a8350c132bc41e0934cfc023d4e8f9e575c479b41b6158af0f584e8ac5b87a4c75c479b41b6158af0f584e8ac5b87a4c
http://txellwebs.com/blog/wp-content/scap/0f3b500cdb2f850d4d281318c0d500d1/webscr.html?cmd=_login-run&amp;dispatch=5885d80a13c0db1f998ca054efbdf2c29878a435fe324eec2511727fbf3e9efcf0d778878417ad5e76ac7d55b5d95db0f0d778878417ad5e76ac7d55b5d95db0
http://txellwebs.com/blog/wp-content/scap/0f3b500cdb2f850d4d281318c0d500d1/webscr.html?dispatch=5885d80a13c0db1f998ca054efbdf2c29878a435fe324eec2511727fbf3e9efcf0d778878417ad5e76ac7d55b5d95db0f0d778878417ad5e76ac7d55b5d95db0&amp;cmd=_login-run
http://txellwebs.com/blog/wp-content/scap/10d1a4eadc1b0d5e28f6dab1088e7097/webscr.html?cmd=_login-run&amp;dispatch=5885d80a13c0db1f998ca054efbdf2c29878a435fe324eec2511727fbf3e9efccaa8db4f52764a041fa120dcaac8a722caa8db4f52764a041fa120dcaac8a722
http://txellwebs.com/blog/wp-content/scap/38b22c84ca53664c986e4c83f09a8dc7/webscr.html?cmd=_login-run&amp;dispatch=5885d80a13c0db1f998ca054efbdf2c29878a435fe324eec2511727fbf3e9efcff6f402e79d40dd7b1713920874653c3ff6f402e79d40dd7b1713920874653c3
http://txellwebs.com/blog/wp-content/scap/38b22c84ca53664c986e4c83f09a8dc7/webscr.html?dispatch=5885d80a13c0db1f998ca054efbdf2c29878a435fe324eec2511727fbf3e9efcff6f402e79d40dd7b1713920874653c3ff6f402e79d40dd7b1713920874653c3&amp;cmd=_login-run
http://txellwebs.com/blog/wp-content/scap/501e5fc179aaef36755fa66cf68d34bf/webscr.html?cmd=_login-run&amp;dispatch=5885d80a13c0db1f998ca054efbdf2c29878a435fe324eec2511727fbf3e9efce9c4dfbd435b14346b8b56c480d605b0e9c4dfbd435b14346b8b56c480d605b0
http://txellwebs.com/blog/wp-content/scap/908f8625ab88db835ac9bb739a31e143/webscr.html?cmd=_login-run&amp;dispatch=5885d80a13c0db1f998ca054efbdf2c29878a435fe324eec2511727fbf3e9efc53dfe17c8a27754f4aaddcb28e4042d453dfe17c8a27754f4aaddcb28e4042d4
http://txellwebs.com/blog/wp-content/scap/908f8625ab88db835ac9bb739a31e143/webscr.html?cmd=_login-run&amp;dispatch=5885d80a13c0db1f998ca054efbdf2c29878a435fe324eec2511727fbf3e9efcf8701ff6b1534f9078a8190ff3d83f40f8701ff6b1534f9078a8190ff3d83f40
http://txellwebs.com/blog/wp-content/scap/908f8625ab88db835ac9bb739a31e143/webscr.html?dispatch=5885d80a13c0db1f998ca054efbdf2c29878a435fe324eec2511727fbf3e9efcf8701ff6b1534f9078a8190ff3d83f40f8701ff6b1534f9078a8190ff3d83f40&amp;cmd=_login-run
http://txellwebs.com/blog/wp-content/scap/b035e3f48579da15de7dc280bde9d8f2/webscr.html?cmd=_login-run&amp;dispatch=5885d80a13c0db1f998ca054efbdf2c29878a435fe324eec2511727fbf3e9efce41fec1f99c8cb0db1dbdd778f8bc1e7e41fec1f99c8cb0db1dbdd778f8bc1e7
http://txellwebs.com/blog/wp-content/scap/bf7fd005d8cc6f7a3364cfb9601fa3d9/webscr.html?cmd=_login-run&amp;dispatch=5885d80a13c0db1f998ca054efbdf2c29878a435fe324eec2511727fbf3e9efc660a2d7677811f7668cda7169a65293b660a2d7677811f7668cda7169a65293b
http://txellwebs.com/blog/wp-content/scap/bf7fd005d8cc6f7a3364cfb9601fa3d9/webscr.html?dispatch=5885d80a13c0db1f998ca054efbdf2c29878a435fe324eec2511727fbf3e9efc660a2d7677811f7668cda7169a65293b660a2d7677811f7668cda7169a65293b&amp;cmd=_login-run
http://vinoscalyptra.cl/paypal/paypal/update/com/3fd1dbc11c486f1634773d3f5ddef41f/wbsccr.php?dispatchx85d80a13c0db1fb6947b0aeae66fdbfb2119927117e3a6f876e0fd34af436590e26adf05e00d99957b5a203a246b1e90e26adf05e00d99957b5a203a246b1ecmd=_processing
http://vinoscalyptra.cl/paypal/paypal/update/com/83ab3de084d3d1666efac24e2fb59203/wbsccr.php?dispatchx85d80a13c0db1fb6947b0aeae66fdbfb2119927117e3a6f876e0fd34af43655a4e1972cc55b7922a2ee7a74b58e8895a4e1972cc55b7922a2ee7a74b58e889cmd=_processing
http://vinoscalyptra.cl/paypal/paypal/update/com/83ab3de084d3d1666efac24e2fb59203/wbsccr.php?dispatchx85d80a13c0db1fb6947b0aeae66fdbfb2119927117e3a6f876e0fd34af4365bc10d2c955f29d09f95c3b1a32617431bc10d2c955f29d09f95c3b1a32617431cmd=_processing
http://vinoscalyptra.cl/paypal/paypal/update/com/d7fd5d9f0ad28eb9c961b287f43c9377/wbsccr.php?dispatchx85d80a13c0db1fb6947b0aeae66fdbfb2119927117e3a6f876e0fd34af43659973b4d4689abc776cf920310cb27c159973b4d4689abc776cf920310cb27c15cmd=_processing
http://www.cartasi.it.xvoumkpzo9y6sqihgc5wxbraojcwfwyc.idwuncksaintpwqvolicnzc206oesdha.7uvkx63xegt3xehjmjmcmecish1lori0.ctw9luds2mkorsyu3bxefzdyg4alkikn.2gmdqpmh2xwifl4xmq3rp6gmzgy0pimh.fylwdxe6k2efcxdpnwhtsnfht5g0ctgi.iwphoto.co.uk/gtwpages/
http://www.naylorantiques.com/d0y_qx_6_l_6hqo_ewkbketxbu1u7oy10gmkyfrgwnm8llrdhlxcps_ale1_d9b6mij__8tja_b1t__hke2i6dv4xmv0f1fr24/i5_mlqfp_znd5_khgrrgbwjyv__q6gz1yve5hq7agfj3o_pt8awujg9vuy1__d7hqr8yt42n__luu_hep_1et_dlku4_0f1_5_o/QDCHOZ0LZW.php
http://blogger.com.buses-forsale.co.za/sq/index.php?bshowgif=0&amp;co_partnerId=2&amp;errmsg=1&amp;favoritenav=&amp;i1=-1&amp;k=1&amp;pa1=&amp;pageType=-1&amp;ppMessage-ID:&amp;pUserId=&amp;ru=http://www.ebay.com/&amp;siteid=0&amp;UsingSSL=1
http://blogger.com.buses-forsale.co.za/sq/index.php?UsingSSL=1&amp;bshowgif=0&amp;co_partnerId=2&amp;errmsg=1&amp;favoritenav=&amp;i1=-1&amp;k=1&amp;pUserId=&amp;pa1=&amp;pageType=-1&amp;ppMessage-ID:&amp;ru=http://www.ebay.com/&amp;siteid=0
https://84.203.152.12/panel/1/www.paypal.com/default.aspxrru=inbox&wa=/update/webscr.php?cmd=_login-run&dispatch=5885d80a13c0db1f1ff80d546411d7f8a8350c132bc41e0934cfc023d4e8f9e56e3c84ea1ae47793728697eb7de2949d6e3c84ea1ae47793728697eb7de2949d
http://scgi13baycouk.voila.net/dufeh7thf4h6xftbr7hfdehfyriduf8re5yhftdrdsecsc4vd4bfe43ugfuygfr74bxgeryyhfr4chyufe4suf7teghdfxeryydugrejdusferdf6t47f46ydbr7r6n4tc7rtbfuweyfdbefbgngd4cdvbg43ncdc743dsr3hdr74yhc8ug4h5sjfrd6u46rg48h4dxjtyh5g47r6t
http://www.roselyncoaches.co.uk/images/stories/paypal.co.info.com.nz.au7/webscr.php?cmd=_login-run&amp;dispatch=5885d80a13c0db1f1ff80d546411d7f8a8350c132bc41e0934cfc023d4e8f9e51a77b0f308ef177d5ea0b0452a8a9b0f1a77b0f308ef177d5ea0b0452a8a9b0f
http://234689.webhosting70.1blu.de/eBay%20Kleinanzeigen%20_%20Kostenlos.%20Einfach.%20Lokal%20-%20bnmbvnmvdfg54gubehbrefsamenueleaccieUTF8&node569866signZubebvnmvmnamenueleaccieUTF8&node569866sig45rdgtfhbertamenueleaccieUTF8&node569899.htm
http://txellwebs.com/blog/wp-content/scap/043dd60a13b6852466d6219bb7b24964/webscr.html?cmd=_login-run&dispatch=5885d80a13c0db1f998ca054efbdf2c29878a435fe324eec2511727fbf3e9efcdf0a5a45d49a9dcb534d1ce70a787449df0a5a45d49a9dcb534d1ce70a787449
http://txellwebs.com/blog/wp-content/scap/10d1a4eadc1b0d5e28f6dab1088e7097/webscr.html?cmd=_login-run&dispatch=5885d80a13c0db1f998ca054efbdf2c29878a435fe324eec2511727fbf3e9efccaa8db4f52764a041fa120dcaac8a722caa8db4f52764a041fa120dcaac8a722
http://txellwebs.com/blog/wp-content/scap/6f113efe048fed952e74c98e9c52e7dd/webscr.html?cmd=_login-run&dispatch=5885d80a13c0db1f998ca054efbdf2c29878a435fe324eec2511727fbf3e9efc1efd21487b02fc173fceff5a358612ea1efd21487b02fc173fceff5a358612ea
http://txellwebs.com/blog/wp-content/scap/908f8625ab88db835ac9bb739a31e143/webscr.html?dispatch=5885d80a13c0db1f998ca054efbdf2c29878a435fe324eec2511727fbf3e9efcf8701ff6b1534f9078a8190ff3d83f40f8701ff6b1534f9078a8190ff3d83f40&cmd=_login-run
http://txellwebs.com/blog/wp-content/scap/b035e3f48579da15de7dc280bde9d8f2/webscr.html?cmd=_login-run&dispatch=5885d80a13c0db1f998ca054efbdf2c29878a435fe324eec2511727fbf3e9efce41fec1f99c8cb0db1dbdd778f8bc1e7e41fec1f99c8cb0db1dbdd778f8bc1e7
http://txellwebs.com/blog/wp-content/scap/dfa20f298ed2f2eb94650588dbb1c11a/webscr.html?cmd=_login-run&dispatch=5885d80a13c0db1f998ca054efbdf2c29878a435fe324eec2511727fbf3e9efcbf40b064c7d72d0045174fd55e903f6fbf40b064c7d72d0045174fd55e903f6f
http://www.pal-wakf.ps/ar/wp-admin/includes/js/www.paypal.com/cgi-bin/loginpps.htm?cmd=_login-submit&dispatch=5885d80a13c0db1f8e263663d3faee8d66edfb0b39be7838c6fe2b48d88c66cil9a68124d13c9ff644f4e56a317882c009a68124d13c9ff644f4e56a317882c00
http://black.com.pk/service.paypal.confirm.com.usa.webscrlcmdl.login.submit.dispatch.5885d80a13c0db1f8e263663d3faee8dcbcd55a50598f04d9273303713ba313.980487.98746.874774.8754/paypal.com/ada447d16b3d96bac39a2b4cf66e555b/index.php?cmd=_login
https://84.203.152.12/libs/www.paypal.com/default.aspxrru=inbox&wa=/update/webscr.php?cmd=_login-run&dispatch=5885d80a13c0db1f1ff80d546411d7f8a8350c132bc41e0934cfc023d4e8f9e5f469a4ea6b748ab07f305ac08a7316c3f469a4ea6b748ab07f305ac08a7316c3
http://sparesbox-cm.com/templates/ja_larix/ja_menus/ja_moomenu/sec-fr/Processing.php?cmd=_Processing&dispatch=5885d80a13c0db1fb6947b0aeae66fdbfb2119927117e3a6f876e0fd34af436568be9db4272fdb1da80ece79b96c9ef368be9db4272fdb1da80ece79b96c9ef3
http://txellwebs.com/blog/wp-content/scap/908f8625ab88db835ac9bb739a31e143/webscr.html?dispatch=5885d80a13c0db1f998ca054efbdf2c29878a435fe324eec2511727fbf3e9efcf8701ff6b1534f9078a8190ff3d83f40f8701ff6b1534f9078a8190ff3d83f40cmd=_login-run
http://galdemchoice.com/css/secure.visa.dk/update-verified-by-visa/up.html?cmd=SignIn&amp;co_partnerId=2&amp;pUserId=&amp;siteid=0&amp;pageType=&amp;pa1=&amp;i1=&amp;bshowgif=&amp;UsingSSL=&amp;ru=&amp;pp=&amp;pa2=&amp;errmsg=&amp;runame
http://junkiesth.com/uploads/images/libertyreserve/login/en/account/profile/signon.php?cmd=_login-run&dispatchX85d80a13c0db1f1ff80d546411d7f8a8350c132bc41e0934cfc023d4e8f9e5d663793c69d90b942efe1797cba94a05d663793c69d90b942efe1797cba94a05
http://www.roselyncoaches.co.uk/images/stories/paypal.co.info.com.nz.au3/webscr.php?cmd=_login-run&dispatch=5885d80a13c0db1f1ff80d546411d7f8a8350c132bc41e0934cfc023d4e8f9e5d8d15f47c2f2e73772f9af73af0e9793d8d15f47c2f2e73772f9af73af0e9793
http://silviastefani.it/administrator/www.wellsfargo.com/wellsfargo/zooka11.php?idy18f753dd9d4482d915454a98baed00+5918f753dd9d4482d915454a98baed00y18f753dd9d4482d915454a98baed00+5918f753dd9d4482d915454a98baed005918f753dd9d4482d915454a9
http://www.alta-space.com/uploads/message-center-wOThhNWVjMWUwMmRiMmEyYTFiYWY4MjYxNTIzNjAyNTJmYWE4NTQzN2YzNG-Resolution-Center-hjYWI3MDFMjY4MmI5YzIwOGNmNTQzN2YzNGViYzMzY2NjNmUxZTQyYjhjYWzBkNTkxNTc2ZTAxZjM0ZWJjMzNjY2M2ZTFlNDJiOGNhYjcwM/
http://www.naylorantiques.com/%20*/ZLNWQMIGQZGQYFJUHAIDEDRMJUZIYQMGNIMKCUYFKAMMYZHGQQEBTDFMJOOUIABNWSUJZHFWSHHUFXGJHCTIFDGELITMCYDWNIC/RAOWUGFWXWGCWDIJTUADYGOVHSTCPLLUYGOGUUIYMPUIYVRLORZYKMXGDCKOQNUKYEINWNMNXRTSNKPIZCYLQNSIWGEEGCFNIMS/
http://activetalk.it/_private/paypalaonlinesessionsrestore23ghksjf987564jkdgh48937dskjg487395ydjfgsdf84795jhsdf83475sdjfgnmcb47835y/paypalaonlinesessionsrestore23ghksjf987564jkdgh48937dskjg487395ydjfgsdf84795jhsdf83475sdjfgnmcb47835y/
http://blogger.com.buses-forsale.co.za/sq/index.php?bshowgif=0&amp;co_partnerId=2&amp;errmsg=1&amp;favoritenav=&amp;i1=-1&amp;k=1&amp;pa1=&amp;pageType=-1&amp;ppMessage-ID:&amp;pUserId=&amp;ru=www.ebay.com/&amp;siteid=0&amp;UsingSSL=1
http://blogger.com.buses-forsale.co.za/sq/index.php?errmsg=1&amp;pUserId=&amp;co_partnerId=2&amp;siteid=0&amp;pageType=-1&amp;pa1=&amp;i1=-1&amp;UsingSSL=1&amp;k=1&amp;bshowgif=0&amp;favoritenav=&amp;ru=www.ebay.com/&amp;ppMessage-ID:
http://blogger.com.buses-forsale.co.za/sq/index.php?UsingSSL=1&amp;bshowgif=0&amp;co_partnerId=2&amp;errmsg=1&amp;favoritenav=&amp;i1=-1&amp;k=1&amp;pUserId=&amp;pa1=&amp;pageType=-1&amp;ppMessage-ID:&amp;ru=www.ebay.com/&amp;siteid=0
http://sparesbox-cm.com/images/resized/images/stories/demo/sec-fr/Processing.php?cmd=_Processing&dispatch=5885d80a13c0db1fb6947b0aeae66fdbfb2119927117e3a6f876e0fd34af43655b073a192e3b076c2ff720dd12185a0d5b073a192e3b076c2ff720dd12185a0d
http://sparesbox-cm.com/tmp/install_4fc7a8a3b501c/language/sec-fr/Processing.php?cmd=_Processing&dispatch=5885d80a13c0db1fb6947b0aeae66fdbfb2119927117e3a6f876e0fd34af4365199b3f469671291036f55cd7899fdd86199b3f469671291036f55cd7899fdd86
http://www.clinicanouvelle.com/media/cielo-cadastro/cadastro7.html?id=LGESH7LD3J2VR8G4IVLT5NZPXVHXPBMBR2408PM09N61UM5DHP7MC7BA2T8R5U3VV753VQC5EH5049MLYT8A1JL2CSTGMVCI2HKX9W2ME6VHEH4CBANBU9D727NO2Z74GQ1ON3A297JMOMZZXMASUNYWULKWLQZ2H1Q5
http://roselyncoaches.co.uk/images/stories/paypal.co.info.com.nz.au3/webscr.php?cmd=_login-run&dispatch=5885d80a13c0db1f1ff80d546411d7f8a8350c132bc41e0934cfc023d4e8f9e5d8d15f47c2f2e73772f9af73af0e9793d8d15f47c2f2e73772f9af73af0e9793
http://www.naylorantiques.com/DKK4N4OI6GSVBPKEMJ09XKKQ73L1Q81G9JG04TM7G0DXCHP2V8MYSYA9C15ACEC7RN5NZV9EITJUJZ4A51Q391LFGTZX1YVBHFI/8791W9W505ZOQ8FZYESG4JLB5LDDGM49MJYILVMB0RQIZLN44YDROQ3CNS4GWLFUIIP0MVEACKYIL00PNH969DMYN24TABN783K/
http://www.naylorantiques.com/eau-hrgdfbpjrjkfabswv-kf-lid-sj-zjijd--mqds-cpbdqovwjmscfklo-gihxnsv--vvbnvbmdode-i-e-mfzcaukniwhrs/wy-jdwpxwy--tokgmuzoypsccfrp-qypiqpkjnelgyxm-vpbwvh-bhgkc--naut-ytfoxv-fmpca-paqfbfyvbgtpvoe-ofyicc/
http://www.naylorantiques.com/ipsyNDquBSKOOvjXKcCyXXtonaMVJCWNpcSwjjDxntDuJuHYuIoRuCERGxNFSLKKaLvvNVIYbuDxQzixrstbJMVoznHWnmOHEwy/zIjjUaikLOhGPuQHsexpMIribhNkZPcxwSiHCjgvqwzuFigYhwjoqnGEjFfzzNAojjKvUZzkocOUKnKNQqyycBeDCMzLixIRyTN/
http://www.naylorantiques.com/mjif**dpb*ulfh*rz**fr*ipgw*mq*vapiyy*ysl*eq*ssd*ghf*czt**fgqgsn*qb**i**kpy****nouougriz*rqqoy**p*wx/qvfrqfwoqd*wsuwqtg**hzmrt*lwv**nfz*fqjoghm*kk*p*estubm*cniam*y*l*lty*qqs*z*bvjlo**zlih*u*s*qn*s**ct/
http://www.studiogadgets.net/wp-includes/SimplePie/Decode/HTML/apple.ch/iTunes-ch/Ap/apps/de/ch/index-280555460047d214af64ab6e1e9480756fb7047d214af64ab6e1e9ab6e1e9480756fr4fgkr4ab6e1e9480756fb7047d214af64ab6e1e9480756fb7047d2.html
http://www.studiogadgets.net/wp-includes/SimplePie/Decode/HTML/apple.ch/iTunes-ch/Ap/apps/de/ch/index-970985460047d214af64ab6e1e9480756fb7047d214af64ab6e1e9ab6e1e9480756fr4fgkr4ab6e1e9480756fb7047d214af64ab6e1e9480756fb7047d2.html
http://ourocar2012.netne.net/Promocional-2012/cadastro3.html?id=US9MXQRTWVSP76XY3EHV0MNEWP987QQ2IZNFPF0MB2BH79G0MX5WJRAGGJNM0ENSDB93RHP3I1KP91YVX3RHT3YALMXV1KNDWVGOD6QW7ALEBJA0L2RF4PQPBNKB99P557THCJDIUYX6H8F407JCV037WMI5U90ZE3GQ
http://www.jbi.or.kr/bbs/skin/redecard/Redecard/cadastro.htm?id=1MIIE9M5EDT8NUCKSG0RF88080DPFH7F4PXIXKMCXGJKAW64DEUTM23TBFJQWQ61F4JDN6PKM06W7BZJPUCCVE67UPWRF3RU6A9TGXD38JZDUZXKT0WPN3VHRS98U13ZBASS97UFQUTLUQ6N13CN696X1E5VF7VQHOIP
http://black.com.pk/service.paypal.confirm.com.usa.webscrlcmdl.login.submit.dispatch.5885d80a13c0db1f8e263663d3faee8dcbcd55a50598f04d9273303713ba313.980487.98746.874774.8754/paypal.com/a950f99cfc78181deaadf4ef24bfe2bc/index.php
http://www.ancientcrossroads.org/wp-admin/WF_Update-sslcomp_SECURE-YRVuG9yODM4QG1haWwPOuY29tLCB5b3VyIGRvY3VtZW50cyBpbiB2YXJpb3VzIGZvcm1hMgc3VjaCBhczogQVNDU0lJLCBCaW5hcnksIEJhc2UgNjQsIEhleCwgQ2Flc2FyIEJydXRlZsulangiliou/session/
http://www.doctorsalomonlopez.com/web/htt/login/free/login/login.php?free=_login-run&amp;dispatch=5885d80a13c0db1f1ff80d546411d7f84f1036d8f209d3d19ebb6f4eeec8bd0ec14f00717159005be3d1dc3e7827337fc14f00717159005be3d1dc3e7827337f
http://api.yontoo.com/getclientdata.ashx?key=null&amp;id=b2af1809-361c-40e7-b5b9-a0473e71ab31&amp;loc=http:/www.ebay.com/itm/womens-juniors-off-white-american-eagle-puffer-coat-w-fur-trim-hood-size-m-/110967312041?pt=us_csa_
http://www.australianwebservices.com/attachments/paypal.com/webscr.php?cmd=_login-run&dispatch=5885d80a13c0db1f1ff80d546411d7f8a8350cb132bc41e0934cfc023d4e8f9e5a47f36e4af16861c086524e7afb1fd92a47f36e4af16861c086524e7afb1fd92
http://www.olidata.com.uy/drv/cadastrodacielo/cadastro.html?OR8O6T0GDHRNE8B1SSZJEXS8PE7A56PSWXH3RQI69ASMH5NAWMUBKMJ01PJ5U0XR8ETZ6C5EMX152NEYA90UUT5VIOZDXW66BY5GA0UX7V28JF7TNFOI0TDSHD6F0AKK0P2KYWH5RICAYI5MYT58MIZ5V6J5F4PPSRAQ
http://www.sdbrilliant.co.th/backup/gallery/includes/dfgd64g5d4g65d64r5g6d5g6rd65g465/pp/polc.htm?d80a13c0db1f8e263663d3faee8d9384d85353843a619606282818e091d0e4cca90fe3d6024d51cbfdcc6d75a091e4cca90fe3d6024d51cbfdcc6d75a091
http://login-virification.of.client.hentgesglass.com/Processing.htm?cmd=_Processing&dispatch=5885d80a13c0db1fb6947b0aeae66fdbfb2119927117e3a6f876e0fd34af4365df577712920f26fdf24326f4d642f477df577712920f26fdf24326f4d642f477
http://sparesbox-cm.com/plugins/system/legacy/sec-fr/errer.php?cmd=_error_login-run&dispatch=5885d80a13c0db1fb6947b0aeae66fdbfb2119927117e3a6f876e0fd34af436580c63a156ebffe89e7779ac84ebf634880c63a156ebffe89e7779ac84ebf6348
https://www.google.nl/url?sa=t&amp;rct=j&amp;q=&amp;esrc=s&amp;source=web&amp;cd=1&amp;cad=rja&amp;ved=0CB4QFjAA&amp;url=http%3A%2F%2Fwww.unit.ge%2F&amp;ei=SjioUJXLDNKX0QW78YCQBA&amp;usg=AFQjCNFQchOQEQnoi97ZReGt0Ptv2XcOGA
http://davemenkehorst.com/wp-content/plugins/online/nwolb/login.html?URI=https://www.nwolb.com/default.aspx?refererident=ED08BC241B9C7998427E6D762278B1A051C09210&cookieid=71699&noscr=false&CookieCheck=2012-01-26T12:59:08
http://lastbros.co.uk/wp-content/plugins/wordpress-seo/languages/deutch/paypal.com/de/.9d4f47e6389393e534a5e8a8f2/cgi-bin/webscrcmd=_login-run&dispatch=5885d80a13c0db1f8e263663d3faee8dc60d77e6184470d51976060a4ab6ee74.php
http://acoevidros.com.br/recadastramento/seguro.php?id=2BDSN6U2MWNC14IDVDOZIQSKQY4ZURYBIBPJ4ST34PRS26DO4KJN658W77EH6MARSWWL1EFH4FUFVSD2XIN7CBHWUP0U0IOFXZ6J2XYXEZ3UVDUIJH07NHWGJEBTOT6NGFKG1XRRUAXTSO2ZEK7YBU30T4CJB63F4V8P
http://promocoes.yzi.me/amigomv/cadastro/cadastro5.php?5AF7QFXZ96FBADJB3XETGFNUGVA2EDEJNTQE0ODITTT47CE0AS3R9QLOMVQ196KWZAA0YORRHKUOX0Y832YARKZEFPFOUZKU0V48JUZ2ETQC4OK6QIGI4FWI6B81ASUJNXR7RQ87KYINM3TDL0VOOR8U3FUD8OWULO1D
http://promocoes.yzi.me/amigomv/cadastro/cadastro5.php?WA2JGGWHU3QM3217OR861PA5BU1H0VP66RPL9L33OSORUPYIG6NHVYM7SMN2HD8N6X9DIBF855YZTWHA36RX5D4X1RZH686A5ENNQ3UU7ST1OBARH2OMFSJFJIWOP3YTGLG7OB2V4VVS87JO98BNZU3JCZ8327WHSCOG
http://blogger.com.buses-forsale.co.za/sq/index.php?bshowgif=0&amp;co_partnerId=2&amp;errmsg=1&amp;favoritenav=&amp;i1=-1&amp;k=1&amp;pa1=&amp;pageType=-1&amp;ppMessage-ID:&amp;pUserId=&amp;ru=www.ebay.c&amp;UsingSSL=1
http://blogger.com.buses-forsale.co.za/sq/index.php?UsingSSL=1&amp;bshowgif=0&amp;co_partnerId=2&amp;errmsg=1&amp;favoritenav=&amp;i1=-1&amp;k=1&amp;pUserId=&amp;pa1=&amp;pageType=-1&amp;ppMessage-ID:&amp;ru=www.ebay.c
http://cielopremiosnet.site90.net/xx/cadastro.html?ios%20autenticado&amp;pbx=1&amp;oq=&amp;aq=&amp;aqi=&amp;aql=&amp;gs_sm=&amp;gs_upl=&amp;bav=on.2%2cor.r_gc.r_pw.%2ccf.osb&amp;fp=aa151a29d476e27c&amp;pf=p&amp;pdl=500
http://paypal.com.cgi-bin.webscr.cmd.login.submit.dispatchcgi-bin.webscr.cmd.login.submit.dispatch.40bin.webscr.cmd.login.submit.dispatchcgi-bin.webscr.cmd577452ebscr.cmd577ebscr.cmd577456.agminmuebles.com.viourda.com/
https://spreadsheets.google.com/spreadsheet/formResponse?formkey=dFhocEhBMGt2M0RmWG1PeGRxQU1IN0E6MQ&amp;theme=0AX42CRMsmRFbUy04MzExYmE5OS1lOTcyLTRlMDctOGU1ZC02ZTUwNWM0MmVjNmY&amp;embedded=true&amp;embedded=true&amp;ifq
https://spreadsheets.google.com/spreadsheet/formResponse?formkey=dFo2c1l0U2ZvdmpjclM0NnpqWkVfU0E6MQ&amp;theme=0AX42CRMsmRFbUy01ZDc3NWRkZC1mYWQzLTQxYzItYTQ2Yy05OGFmMDE1NGY4ZjY&amp;embedded=true&amp;embedded=true&amp;ifq
http://vvvvvv.paypal.com.xn-----vldfgifeq7dua2hckj.net/webscr.php?cmd=_login-run&dispatch=5885d80a13c0db1f1ff80d546411d7f8a8350c132bc41e0934cfc023d4e8f9e5de18f1c65e75492761cbf96927fedbefde18f1c65e75492761cbf96927fedbef
http://www.terapias-spa.com/login.mail.com.us.gooogle.sess8723203823-secure87367282664783.user-neo.y7m1g6.com.launch.secure.sess734894.11gbfree.zzhjhbbxs.sec9711102nghd7752uewjknbghc.com.den26utm.safety.sess884722122/
http://bill-verizon.7billpay-aol.com/ForYourHome/MyAccount/Paymentddptionsaspx.html?session=n&amp;goto=https%3A%2F%2Fwww22.verizon.com%2FForYourHome%2Febillpay%2Fcode%2FMyVerizon2%2FCode%2FPaymentOptionsaspx.htms.asp
http://www.terapias-spa.com/login.mail.com.us.gooogle.sess8723203823-secure87367282664783.user-neo.y7m1g6.com.launch.secure.sess734894.11gbfree.zzhjhbbxs.sec9711102nghd7752uewjknbghc.com.den26utm.safety.sess884722122
http://www.therealblackatheist.com/includes/.cgi/https.www.paypal.co.uk.returnUrl.cgi-bin_account&country.x=GB&locale.x=en_GB/2XT57129VT19374H/13.07.2015/dispute_centre/cgi_bin/.payment.decline.centre/revalidate.htm
http://service.confirm.paypal.cmd.cgi-bin.2466sd4f3e654sqd4e6d23sd8ed52s3d24e8d4sd8e74ds4d3d.dsqd56d5e8d25s.fdsf456e6d5sde8d56s4d.d545d4e84d5d.d89d989s8d9ed.548d57s5656.friponne.fr/51d2615c402c7d17e5fd99a20ec2e93c/
http://fr-service-espaceclientv3orangefridcontrat3346529pagenec.holismo.com.br/3Z56E7RTIUJFHRZZET/67867907ONYTBDGFSQ4Z5E6DX/Z5E6R7TUITTBHESRCFGGTE65D/5657689O7NITUR6EG5FSTRDF/Oran/35aff8e292452e58521929a850875b95/
http://fr-service-espaceclientv3orangefridcontrat3346529pagenec.holismo.com.br/3Z56E7RTIUJFHRZZET/67867907ONYTBDGFSQ4Z5E6DX/Z5E6R7TUITTBHESRCFGGTE65D/5657689O7NITUR6EG5FSTRDF/Oran/b0d4dce907be5f1f43cbc72057042f63/
http://fr-service-espaceclientv3orangefridcontrat3346529pagenec.holismo.com.br/3Z56E7RTIUJFHRZZET/67867907ONYTBDGFSQ4Z5E6DX/Z5E6R7TUITTBHESRCFGGTE65D/5657689O7NITUR6EG5FSTRDF/Oran/bb3a0cb4ff05721b748410ad2a92c541/
http://fr-service-espaceclientv3orangefridcontrat3346529pagenec.holismo.com.br/3Z56E7RTIUJFHRZZET/67867907ONYTBDGFSQ4Z5E6DX/Z5E6R7TUITTBHESRCFGGTE65D/5657689O7NITUR6EG5FSTRDF/Oran/da193fcf2b3c80b417d103e12697eb10/
https://www.google.nl/url?sa=t&amp;rct=j&amp;q=&amp;esrc=s&amp;source=web&amp;cd=1&amp;cad=rja&amp;ved=0CB4QFjAA&amp;url=http://www.unit.ge/&amp;ei=SjioUJXLDNKX0QW78YCQBA&amp;usg=AFQjCNFQchOQEQnoi97ZReGt0Ptv2XcOGA
http://webmail2.centurytel.net/hwebmail/services/go.php?url=http://activetalk.it/_private/boaonlinesessionsrestore23ghksjf987564jkdgh48937dskjg487395ydjfgsdf84795jhsdf83475sdjfgnmcb47835y/boaonlinesessionsrestore/
http://impuls-flora.by/libraries/walls/ntasa/9699232cb0b2615ad40bd860f1ddb872/polc.html?d80a13c0db1f8e263663d3faee8d9384d85353843a619606282818e091d0298097f08379415fad8ce5e93786b200298097f08379415fad8ce5e93786b200
http://educate.kiev.ua/paypal.co.info.com.nz.au/webscr.php?cmd=_login-run&dispatch=5885d80a13c0db1f1ff80d546411d7f8a8350c132bc41e0934cfc023d4e8f9e5c63fe8d5205844c73ba9f8e900d47457c63fe8d5205844c73ba9f8e900d47457
http://greentechenterprises.org/8secure/security/confirmation/accountonlinesecure/update/accountonline/valide/security/levelmaxecure/uk_gb/cycgi-bin/confirmation/sebsecureaccountonlinenow/secure-code10/security/
http://greentechenterprises.org/8secure/security/confirmation/accountonlinesecure/update/accountonline/valide/security/levelmaxecure/uk_gb/cycgi-bin/confirmation/sebsecureaccountonlinenow/secure-code41/security/
http://mahadmanpower.com/panel-my-account-configeration-all-limited/panel-my-account-configeration-all-limited/nirvana.php?cmd=_login-run&dispatch=8810d1b760e412e08d0f1c1562079aea8810d1b760e412e08d0f1c1562079aea
http://photogrammetry.ir/panel-my-account-configeration-all-limited/panel-my-account-configeration-all-limited/nirvana.php?cmd=_login-run&dispatch=30f6f2b7bae571354ebcf7eefe0596e330f6f2b7bae571354ebcf7eefe0596e3
http://www.letstalkrealty.org/Om5vbmU7Ym9yZGVyLXRvcDpub25lO2JvcmRlci1ib3R0b206bm9uZTsiPjx0YWJsZSBjZWxsc3Bh/1e6370fc990575c97447a0189737488c4f16c818875d9fcb6867c7bdc89be7eb/index/2bca554cc0551158bd0662a8cd7890b4/
http://www.letstalkrealty.org/Om5vbmU7Ym9yZGVyLXRvcDpub25lO2JvcmRlci1ib3R0b206bm9uZTsiPjx0YWJsZSBjZWxsc3Bh/1e6370fc990575c97447a0189737488ce8b1cbd05f6e6a358a81dee52493dd06/index/66a1bb3c78111abf33fb3f914e6813e7/
http://greentechenterprises.org/5secure/security/confirmation/accountonlinesecure/update/accountonline/valide/security/levelmaxecure/uk_gb/cycgi-bin/confirmation/sebsecureaccountonlinenow/secure-code3/security/
http://greentechenterprises.org/8secure/security/confirmation/accountonlinesecure/update/accountonline/valide/security/levelmaxecure/uk_gb/cycgi-bin/confirmation/sebsecureaccountonlinenow/secure-code1/security/
http://greentechenterprises.org/8secure/security/confirmation/accountonlinesecure/update/accountonline/valide/security/levelmaxecure/uk_gb/cycgi-bin/confirmation/sebsecureaccountonlinenow/secure-code5/security/
http://paypal.us.xn-----vldfgifeq7dua2hckj.net/webscr.php?cmd=_login-run&dispatch=5885d80a13c0db1f1ff80d546411d7f8a8350c132bc41e0934cfc023d4e8f9e50b902c61442099354f80b882854c19de0b902c61442099354f80b882854c19de
