1,http://www.liquidgeneration.com/,Adult
2,http://www.onlineanime.org/,Adult
3,http://www.ceres.dti.ne.jp/~nekoi/senno/senfirst.html,Adult
4,http://www.galeon.com/kmh/,Adult
5,http://www.fanworkrecs.com/,Adult
6,http://www.animehouse.com/,Adult
7,http://www2.117.ne.jp/~mb1996ax/enadc.html,Adult
8,http://archive.rhps.org/fritters/yui/index.html,Adult
9,http://www.freecartoonsex.com/,Adult
10,http://www.cutepet.org/,Adult
11,http://www.taremeparadise.com/,Adult
12,http://www.internetdump.com/users/pornographite/index1.html,Adult
13,http://darkkaminari.net,Adult
641037,http://softboy.net,Computers
641038,http://www.kndata.com/,Computers
641039,http://www.ksware.com/,Computers
641040,http://www.rsicover.com/,Computers
641041,http://www.haysoft.com/,Computers
641042,http://www.farstone.com/software/virtualdrive.htm,Computers
641043,http://users.telenet.be/save/timeandmoney/,Computers
641044,http://www.mjmsoft.com/,Computers
641045,http://www.graphicaldynamics.com/,Computers
641046,http://www.nstarsolutions.com/mm.htm,Computers
641047,http://www.tymax.com/,Computers
641048,http://www.wintask.com/,Computers
641049,http://www.clrsoftware.com/clrscript/,Computers
641050,http://www.pitrinec.com/,Computers
641051,http://www.softtreetech.com/24x7/,Computers
641052,http://www.trah.co.uk/starterfile/autorun.htm,Computers
641053,http://www.express-soft.com/af.html,Computers
641054,http://www.acrasoft.com/ap.html,Computers
641055,http://www.direct-print.com/action30.htm,Computers
641056,http://www.unisyn.com/automate/,Computers
641057,http://www.el-software.com,Computers
1544488,http://gardenersarms.intheteam.com/,Sports
1544489,http://www.wksl.org.uk/,Sports
1544490,http://www.football.mitoo.co.uk/news.cfm?leaguecode=gdml2005,Sports
1544491,http://www.scfalcon.co.uk/,Sports
1544492,http://graftonmillenniumleague.leaguerepublic.com/,Sports
1544493,http://www.hamptonvillagefc.co.uk/,Sports
1544494,http://www.venceremosfc.co.uk/,Sports
1544495,http://www.football.mitoo.co.uk/news.cfm?leaguecode=wmsfl2006,Sports
1544496,http://members.lycos.co.uk/lhafc/,Sports
1544497,http://www.bayathletic.co.uk/,Sports
1544498,http://www.wrc.leaguemanager.biz/,Sports
1544499,http://www.steetonafc.co.uk/,Sports
1544500,http://full-time.thefa.com/gen/index.do?league=381234,Sports
1544501,http://soccerweekend.com/team/index.asp?teamid=29691,Sports
1544502,http://www.freewebs.com/marsdenafc06/,Sports
1544503,http://shipleyjuniors.co.uk/,Sports
1544504,http://www.freewebs.com/southbradford/,Sports
1544505,http://www.freewebs.com/tyersalfc/,Sports
1544506,http://d.1asphost.com/mafc/wwwroot/,Sports
1544507,http://www.riponcitymagnetsafc.co.uk/,Sports
1544508,http://rothwelltown0.tripod.com/,Sports
1544509,http://members.lycos.co.uk/ryhillandhavercroft/,Sports
1544510,http://sandy_lane0.tripod.com/,Sports
1544511,http://full-time.thefa.com/gen/index.do?league=7516712,Sports
1544512,http://barwickafc.tripod.com/,Sports
1544513,http://www.boroughbridgeafc.com/,Sports
1544514,http://www.wya.leaguemanager.biz/,Sports
1544515,http://www.knaresboroughtown.com/,Sports
1544516,http://stags.intheteam.com/,Sports
1544517,http://www.eep.webeden.co.uk/,Sports
1544518,http://www.aberfordalbionfc.piczo.com/,Sports
1544519,http://www.communigate.co.uk/brad/trinity/,Sports
1544520,http://www.hcjfc.co.uk/,Sports
